,IRF4,BATF_1
FEV_motif2,0.07457185374437127,0.024822355586270894
ETV5_motif2,0.0709863213321927,0.012385725084066998
REL_motif1,0.06901940640938765,0.02762657758371139
ETS2_motif2,0.06844915487179995,0.025665557578103262
RELB_motif1,0.06604571160466642,0.021662729647634597
NFKB1_motif1,0.06547479918282448,0.01994863136767565
STAT3_motif1,0.06458917911159558,0.020972873852132517
SPI1_motif3,0.06156673807684185,0.0009744143323104408
UBP1_motif1,0.060698874137512064,0.01354893869177691
IRF4_motif2,0.05846110285453445,0.000566680576172567
KLF3_motif2,0.058270397574111364,0.0059872280843705945
RELA_motif1,0.057581233207848484,0.013451760097224458
ETS2_motif1,0.05745841659153283,0.02481601160277748
BCL11A_motif1,0.05696122523464175,0.003466159442357439
MZF1_motif1,0.05666846958739237,0.026943721969268156
SPI1_motif1,0.05628444972273449,0.01889658096528606
IRF8_motif1,0.05473701563970833,0.003383639078394545
STAT6_motif2,0.054043465021756394,0.017325536872256426
IRF1_motif1,0.053040823649082885,0.02235445907944209
IRF2_motif1,0.05184209900018923,0.016251360184035914
AR_motif1,0.051068824157954704,-0.015204594940250928
ETS1_motif5,0.050702678407492735,0.022723356384909865
NFKB1_motif2,0.05039717404969404,0.021431722103670902
ERG_motif1,0.05009768797089273,0.01081043593094321
FLI1_motif2,0.04994596451000077,0.00539360201232723
ETS1_motif3,0.04936936259057057,0.022882914889154653
STAT1_motif6,0.04934400648332828,0.020908665074201443
STAT2_motif1,0.04763953056644567,0.014174939656238315
SPI1_motif4,0.04739011735626633,-0.009029838039935232
SPIB_motif1,0.04712640122764066,-0.027741072005936836
MZF1_motif2,0.04613125175119077,0.023822373827994694
MAX_motif1,0.04612376327828768,0.0007226002129566132
HIVEP1_motif1,0.04407430335583809,0.014813111951563407
BACH1_motif4,0.043572811350648076,0.0051662046451379385
STAT5A_motif2,0.04275740621208744,0.012236905658582722
ZNF350_motif1,0.04223454333379655,0.014549598349025455
TAL1_motif3,0.041611324102541564,-0.0062995288541490314
SMAD1_motif1,0.04118649249051462,0.011893002403457479
CEBPA_motif3,0.04076269631068621,-0.008607756189746192
STAT6_motif1,0.04026132361229201,0.012806241478305856
SALL4_motif1,0.039423602438133996,0.024532034510847872
NFKB1_motif3,0.03934485911744439,0.0203759473934457
NR3C1_motif1,0.039250413555288445,0.009674033891876859
VEZF1_motif1,0.03887397771085485,0.01940914449848913
IRF8_motif2,0.038723106799412925,0.020493662385966307
NFKB2_motif1,0.038576036670342,0.018024159771256036
STAT4_motif1,0.03829940186737814,-0.0016616608240008369
TBX1_motif1,0.038120099749144334,0.01674140120243376
ETV5_motif1,0.03803610737773094,0.005255508155713524
NFATC3_motif1,0.037900695387097984,0.015257077133710354
STAT3_motif3,0.037564274430672735,0.005789873900404117
ETS1_motif2,0.0373769463170821,-0.01057349512044193
CBFB_motif1,0.03699318316071007,0.005084963991745605
RORA_motif4,0.03692118995566542,0.0023440782534163798
TCF7L2_motif1,0.036695109935195605,-0.010097438081127808
NR1H4_motif1,0.036630152876452264,0.0020310922082249316
IRF4_motif1,0.036412727132540866,0.0203305451973934
ZNF683_motif1,0.036018207515905884,0.0011745419357049095
PTF1A_motif2,0.03579348720574708,0.02237939034853135
SCRT2_motif1,0.03541509303857879,-0.012619085753356135
FLI1_motif3,0.035177657211853654,-0.01035158704772068
GATA2_motif4,0.034935257651869285,-0.009819499156057709
ZFP82_motif1,0.034878566282050535,0.011615918452689467
IRF3_motif1,0.03479916036544641,0.02474779629683625
FOS_motif2,0.03446432893009959,0.01305010866470553
ZNF691_motif1,0.03441548464638623,-0.00013651856880545713
IRF7_motif2,0.03435469576566351,0.008536489767875974
STAT1_motif3,0.03435368804605972,0.0008791897405881988
PLAG1_motif2,0.03417171484122946,0.021577696281126803
FOS_motif1,0.03411582807399644,0.008845858911913406
MAZ_motif1,0.03410156629652718,0.02165930355584625
PPARG_motif3,0.03355750558583738,0.006244711589304574
GCM2_motif1,0.033526775313656755,0.009044392001887015
NFIC_motif1,0.033517112543172044,0.0035580206827907895
ATF5_motif1,0.03348412025082124,0.01106541158868999
TWIST2_motif1,0.03312384643240404,-0.0012083105882470819
NR2F6_motif3,0.03309625785150806,0.007684477901416378
ETS1_motif4,0.032946635046052525,0.007214189829631364
GATA2_motif3,0.03292467955946371,-0.01190189898182787
PGR_motif1,0.0328986852474657,0.009814301577403305
IKZF4_motif1,0.03280048943767038,0.011027066975446113
NEUROD1_motif1,0.03273797986971301,0.003495234294539464
ELF5_motif2,0.03263086979439125,0.004358418187921936
GATA1_motif5,0.032356878548821265,-0.010386406496649953
SRF_motif1,0.03233709193955656,0.005078116535611549
ZNF281_motif1,0.032164059082694874,0.021212950709514955
NR2C2_motif2,0.032092452957392895,0.01833993311254976
ZBTB47_motif1,0.032089400659603244,-0.015999529172225434
ZNF652_motif1,0.032089400659603244,-0.015999529172225434
RARG_motif2,0.03194244392802484,0.012586540978656848
STAT1_motif4,0.03171841329469115,-0.0008480456134079191
SPIC_motif1,0.031715025103951515,-0.018001685081053674
TCF15_motif1,0.03156039275794777,-0.0024082767002551408
ENO1_motif1,0.03150794934174409,0.007289025246545102
STAT1_motif1,0.03138862062037848,0.000964810002797616
JUN_motif1,0.0313593887437441,0.006841433158182354
NRL_motif1,0.031331012595357394,0.0067568904268632156
SPI1_motif2,0.0313186869297932,-0.009735342791289452
LEF1_motif1,0.03121967665498872,-0.0012162446837492523
ELF3_motif1,0.031179085935939748,-0.003999931709605153
NR1H3_motif1,0.031063040790268556,0.002871602206753313
HNF4A_motif1,0.031002868474025357,0.009111199202360946
HLTF_motif1,0.03084126141809766,0.016404797077983306
FOXO4_motif2,0.03082226561625204,0.01495424072446431
BCL6B_motif1,0.030700855230728148,0.00291612191967785
SMAD2_motif1,0.03045668296126325,0.003672598548454118
CUX1_motif1,0.030443851092552755,-0.0035698398395550696
MEIS3_motif1,0.03038787670461572,-0.009393684215585753
JUNB_motif1,0.030377131798059547,0.009209218222103233
RREB1_motif1,0.030374658367469807,0.02259633629776909
ETV4_motif1,0.030357528601342946,0.012654980369454366
IRF5_motif2,0.03029263416083761,0.004682284849876241
SOX9_motif7,0.030202702572829518,0.0015899317444365226
TCF23_motif1,0.030123608158016613,-0.006187281250920469
HOXA5_motif1,0.03010730108916971,0.00018118000312450765
STAT3_motif2,0.029883091933745824,0.008393569436854719
JUN_motif2,0.02986714307056306,0.009353820768756993
STAT1_motif5,0.029798104578296087,0.016478868931403847
CIC_motif1,0.029687916020858008,0.008646465936802907
LEF1_motif2,0.02965947336224389,0.0016300064182926766
CREB3L2_motif1,0.02964796045002859,0.011897598720690185
KLF8_motif1,0.029643234576415392,0.018286833784057373
GFI1_motif2,0.02946301545657183,0.0050464383092980415
FOXO3_motif2,0.029450919561021225,0.017480792445988595
ZBTB7A_motif4,0.029441302047648985,0.01950755345074118
SCRT1_motif1,0.029345298079952998,-0.0025145208384983685
BATF_motif1,0.029343854742811922,0.009618826409245928
HSF4_motif1,0.029328051656028354,0.008179411924826097
ZNF354C_motif1,0.029211394551058808,0.008684074719525247
TCF7_motif1,0.029169144051352937,-0.008765510379926279
PATZ1_motif1,0.029098270292498143,0.026296014605540225
NR0B1_motif1,0.029004547723411756,0.02682766480122129
FOXO1_motif3,0.0288639116233903,0.014940126862969567
MAFB_motif1,0.028714406718723936,0.004890087130358278
RBPJ_motif1,0.028688349116049953,0.007402153967648597
KLF6_motif1,0.028620536355924483,0.011816992726471617
SOX9_motif4,0.02855704513042855,0.012265353941223425
KLF5_motif1,0.028555272482078738,0.01826485421196341
NFATC4_motif1,0.028545887571110286,0.010173701307978796
CREB1_motif4,0.028200970483308895,-0.0035799510038983383
JUN_motif3,0.028129506568447215,0.007919240522346625
LYL1_motif1,0.02812179922717626,0.00032606517749097776
ZNF263_motif1,0.02805180556735101,0.01689773720057713
TCF7L1_motif1,0.028008411169165796,0.011388486567018175
DUXA_motif1,0.027970259301093838,0.013971905144292137
HNF4G_motif1,0.02796177753543777,-0.011483473034194582
EPAS1_motif1,0.027940824287064507,0.019585273320854114
ELF5_motif1,0.02793860238902601,-0.015031690804316511
STAT4_motif2,0.027781978546681504,-0.0009877779771866628
HNF4A_motif3,0.027688467958568108,-0.003313577074420159
STAT5B_motif1,0.027518112688536513,0.002903958637692787
GATA6_motif1,0.027412928475535128,-0.012333926393229593
BCL6_motif1,0.027372559294228948,0.020231781034882663
PPARG_motif4,0.027314984891105926,0.0022307052131870426
TFCP2_motif1,0.027180711154548818,0.0034162896499996985
RFX4_motif2,0.02715069109911648,-0.007046991533565349
MAF_motif1,0.027094302876556706,0.006887794495289977
GLI3_motif1,0.02698366233892428,-0.009470425994119003
MAFF_motif1,0.026963195833750255,-0.007359742999792938
TFAP2B_motif2,0.026903301152877337,0.025791240288024084
HNF4A_motif5,0.026891401955618788,0.003986069665938362
ZIC3_motif3,0.02683625438109711,0.0023477716494826883
ESRRA_motif4,0.026798303510844775,-0.016559187081421282
JUND_motif2,0.02678812555099738,0.002115168023076223
YY1_motif2,0.026779958954975955,-0.01028515743135032
NFYA_motif1,0.026646541150435608,0.0011524852777683192
ELF2_motif1,0.026410849953811908,0.013360620056692763
GATA3_motif3,0.026388567825389286,-0.006506880906850799
USF1_motif1,0.02638510650192717,0.011902754485929559
NFATC2_motif1,0.026312810985076776,0.00676521883591035
FOSB_motif1,0.02602593321992928,0.007168419830391288
SOX9_motif6,0.02588220781765341,0.00795185698300794
MEIS1_motif4,0.025826829922941632,-0.0013734098794062019
HSF1_motif3,0.025813864585484327,0.02153737276447125
TFAP2A_motif1,0.02580278971565836,0.022831389717552122
INSM1_motif1,0.025778560716323305,0.01170633246399233
NFIX_motif2,0.02575251454509466,0.003272497635611874
YBX1_motif1,0.025575271615289705,0.006034811689545378
MLXIPL_motif1,0.02551300724266522,0.008607540194522348
TBX21_motif1,0.02550980572477894,-0.003912472757487391
SOX17_motif1,0.025498342817495655,0.0058563522175843815
RARA_motif5,0.02542755464165408,-0.0052499354178075905
PRDM1_motif2,0.025309543185500296,0.006686530390233737
TAL1_motif2,0.02526812671263518,0.017771343637832643
GATA1_motif8,0.025255217309790086,-0.009049257436942485
STAT5A_motif1,0.02517293435718125,0.023892543951842454
FOXK1_motif1,0.025147363355068154,-0.016250533126097668
EGR2_motif2,0.025059868498838657,0.014154660394471075
SOX10_motif5,0.02493235044082238,0.010253237106993935
NR4A2_motif1,0.024917222400244052,0.0008449385017359956
IRF3_motif2,0.024774513275873284,0.017117952420919947
POU5F1_motif1,0.02472121366275305,-0.021191854435625067
SMARCC1_motif1,0.024699898357480043,0.008070681701933317
MYF6_motif1,0.024475191842487892,0.0014259120014815637
HOXA1_motif1,0.024420574393602398,0.01795874433396926
JDP2_motif2,0.024289697080055718,-0.0033244081752967936
MXI1_motif1,0.024264011946881426,0.012310436668113513
SOX10_motif1,0.024151783375684847,-0.003068303229313646
EOMES_motif1,0.024094264927550943,-0.00026842603693151947
USF1_motif2,0.02404069574831597,0.010550646615863959
PPARD_motif1,0.024024792081114958,-0.007118055551609299
SIX1_motif1,0.02388296499157998,0.007890224518674644
CLOCK_motif2,0.023815761480624104,0.01594581181211614
IKZF1_motif3,0.02371007805375584,0.008132343773913803
TEF_motif1,0.023653096679783707,0.0028367352388747953
NEUROD2_motif1,0.023617072140520643,-0.00230724591239304
TEAD4_motif2,0.02358442103911589,0.011569583422169957
PTF1A_motif1,0.023460560656446354,0.00011232156121582213
MYC_motif1,0.023453421321483394,0.011554725294113806
ZIC5_motif1,0.0231794339067721,0.020894522807297075
SNAI3_motif1,0.0231717936666589,-0.0015701017323579752
YY1_motif5,0.023048033681014636,-0.022054554357067768
ZKSCAN4_motif1,0.022951554014403505,-0.014423328926795174
ZKSCAN3_motif1,0.022951554014403505,-0.014423328926795174
WT1_motif1,0.02294896419091578,0.027240028170459393
RXRA_motif1,0.02294443898909168,0.013016592583936901
NPAS2_motif1,0.022858303374504313,0.012537224806510113
USF2_motif1,0.02283671948120814,0.0012984901836013486
SRF_motif2,0.02281576507135112,0.013869334310484017
EBF1_motif1,0.02280962106683193,0.01060929011383739
HIC2_motif1,0.022800274688596342,0.005441419422143373
TFAP2E_motif1,0.022742993264655238,0.025772199799619415
NHLH1_motif2,0.022723809037542172,0.002666707609145485
ZIC1_motif1,0.022679757728599762,0.014974728340114927
IRF5_motif1,0.022530633525703878,0.009524445075103721
TFAP4_motif2,0.022464936683318868,0.0023220207804034733
TFAP2C_motif3,0.02242087911866573,0.02506853406420407
SOX10_motif4,0.022404188046989265,-0.01156381533084789
HES2_motif1,0.02233582405075101,0.01794873849786298
RXRG_motif1,0.022256065532132416,-0.004428169260658524
FEZF2_motif1,0.022153990753770454,0.007642244966605124
TCF3_motif1,0.022132431536909764,-0.0006696530999663142
NEUROG1_motif1,0.022098205952584618,-0.006282594359930671
OSR1_motif1,0.022087038164058586,0.011707976045007439
BACH1_motif1,0.022068019703091368,0.00248743481328217
BACH1_motif2,0.02205488201774696,-0.00158006035516863
BACH1_motif3,0.021885770696812547,0.01193637155465379
KLF1_motif1,0.02185492623243999,0.011625546562053822
ZNF423_motif1,0.02184071337992662,-0.003240254174249853
PAX6_motif2,0.021832587700736282,0.008580690785960798
HNF4A_motif2,0.02180205498267784,0.010338771765813224
PRDM6_motif1,0.021759293409744678,0.009763619663380815
ZBTB7A_motif2,0.02173173572024109,0.013561615064303145
NR3C2_motif1,0.021626055227647555,-0.009658502775683166
PBX2_motif1,0.021482178506453554,0.0003264999595750522
EHF_motif1,0.02134806843722078,-0.013255352237238225
CTCFL_motif1,0.021340828725609457,0.0236237351448843
ATOH7_motif1,0.021336270024148753,-0.0025043384568619546
POU2F1_motif1,0.02133288700914373,-0.016007333181547505
CTCF_motif2,0.021297366574205445,0.019110766393678518
NR2F6_motif2,0.021260855862296556,0.021759201754412903
NFE2_motif1,0.021256663985932046,0.023783398203043572
RARA_motif3,0.021250746470744274,0.0027777107131003557
BRCA1_motif2,0.02118770486172138,-0.006245175836397486
ESR1_motif1,0.021130947633736262,0.0004727385274110849
CEBPD_motif1,0.021121250202131195,-0.002765546126993186
TFAP2C_motif4,0.020976466158358683,0.02455145545650013
TFAP2A_motif4,0.02088443803104955,0.024200954321608906
HSF2_motif1,0.020866263540854146,0.011777385009837125
HBP1_motif1,0.020845443822358416,-0.0019652915862479357
MAX_motif4,0.02077692854795584,0.01368770215396144
FOXJ3_motif1,0.02077345728056266,-0.0043606786594471095
TP73_motif1,0.020766652962342643,-0.00042107850143200933
IRF7_motif3,0.020625992063624258,-0.00027478116659356434
YY1_motif3,0.020610682790826985,-0.004329206993849085
MAFG_motif2,0.020606017436630278,-0.011600282232404772
NFIA_motif1,0.020561660861230468,0.0005346259883699633
CREB3L1_motif2,0.020491756248492775,0.008422036608889055
PATZ1_motif2,0.020490263680742186,0.024803275627795603
ZNF148_motif1,0.02043146556279154,0.012704943854834675
THRB_motif1,0.020289938808502248,-0.010114356436835104
PRDM1_motif1,0.020273067584582947,-0.01109253435347115
RFX5_motif1,0.02018517497111104,0.005157500730431838
MAFK_motif2,0.020102091898836216,-0.002863905869012636
MAFG_motif1,0.02010122202901445,-0.006937470380992044
MYBL2_motif3,0.02004445662988926,0.006532076179158943
POU4F2_motif1,0.0200169605805321,0.005189989896549437
TBX15_motif1,0.020011806445445358,0.005192268279376664
GLI2_motif2,0.02000088584918918,-0.013441753384911133
PGR_motif2,0.019986313751789362,-0.02308339030599024
MNT_motif1,0.019978165658000317,0.012101525231780121
ZEB1_motif4,0.019934170528193018,0.013683745488244936
ZIC2_motif1,0.019912311770786048,0.011161074569209006
FOSL1_motif1,0.019859498289557822,-0.0008844614504335801
MYB_motif1,0.019852991453816388,0.0006854777047646357
TFDP3_motif1,0.019848188901898725,0.01408817327446659
TFDP2_motif1,0.019848188901898725,0.01408817327446659
TFDP1_motif2,0.019848188901898725,0.01408817327446659
DBP_motif1,0.019831969066594582,0.002927305602192051
NFIB_motif1,0.019810580200684016,0.0014434536460480086
NHLH1_motif3,0.019717519392058916,0.006991250828008229
MYCN_motif1,0.019679957129817332,0.013788969578855101
TCF12_motif1,0.01962839650239504,-0.0008538730422858204
CREB3_motif2,0.0195763081538117,-0.0027906043442187272
NR4A2_motif2,0.019498843015424552,-0.005790149661098862
ZIC1_motif2,0.01941251178252125,0.02859545075213471
NFE2L1_motif2,0.019404805398964973,-0.006801777983729341
TWIST1_motif1,0.019398241548635207,0.009274478937528247
STAT1_motif2,0.019386097441320485,0.0033740059766877517
CEBPA_motif2,0.01936040224195368,0.0025430824778777737
SPDEF_motif2,0.019293631740290897,0.002537293072310033
SOX8_motif2,0.019284902761988066,0.016443903176275778
NR2F2_motif2,0.01928212989273659,-0.0002904320582519537
PBX1_motif2,0.019256598095794313,0.010438929749578817
ASCL1_motif1,0.01923393709952293,0.002986012125941648
SIX2_motif1,0.019196735101013197,0.010695876017335751
PAX4_motif4,0.01915963209352209,0.011664763959017296
GATA3_motif1,0.0191433750499841,-0.011269003938867107
MEF2A_motif6,0.019142514981455038,-0.006871167692381055
RFX1_motif4,0.019111202887422858,-0.005223591356562208
FOXO6_motif2,0.01902885423966292,0.025218669389647355
ZNF8_motif1,0.01902838426665889,0.0026311121464322783
FOXD2_motif1,0.018876049335514358,-0.0029563108672335634
KLF15_motif1,0.018853009145363676,0.014684756565647297
RARA_motif2,0.018843525304507322,-0.002410307075736195
HINFP_motif3,0.01880388963075518,0.01291900590104974
ZIC3_motif2,0.01878318445085881,0.025415051126437646
ZIC3_motif1,0.018783016545137633,0.025415591623919955
NFYA_motif2,0.018754796361604074,0.003652742494687261
CLOCK_motif1,0.018731728255089557,0.003995597337523629
CEBPG_motif2,0.01859991987986666,0.010890279013729633
MITF_motif1,0.018579706129858355,0.005620189641949997
POU2F1_motif9,0.01853214874976405,-0.006525210587576846
ZEB1_motif5,0.01846401470693156,0.0036888561217917094
RUNX1_motif1,0.018422381281127928,-0.0020237274231528573
PLAGL1_motif1,0.018363994206163636,0.004357619352001143
SMAD3_motif1,0.018279775895595332,0.009962035749149204
HNF4A_motif4,0.01826554415368833,0.0006747617741715078
ISL1_motif1,0.018141768111040638,-0.005892136961395162
ZIC3_motif4,0.018076947088534506,0.011907568428538743
LHX9_motif1,0.017988302485653095,0.004429639780594754
IKZF1_motif1,0.017805124496142657,0.0039685104972311145
ETV7_motif1,0.017731630328061368,-0.009620249287971464
MLXIP_motif1,0.017685249979298667,0.012744388658090426
ID2_motif1,0.01763657535372057,0.012749269131303935
ID1_motif1,0.01763657535372057,0.012749269131303935
E2F4_motif1,0.01763279633388722,0.025796222645777144
USF1_motif3,0.017556228268493897,0.0030103781396054875
TEAD1_motif2,0.0175001529741089,0.0169406185897288
CTCF_motif3,0.017431013453132502,0.012131972000041
POU5F1_motif2,0.01740101520099163,-0.0007558176701398214
PBX3_motif2,0.017307930694022634,0.012480831143315926
TBX1_motif2,0.01726185608038621,-0.0038956844268294676
DUX4_motif1,0.017261154258923977,-0.006378501679952436
ZSCAN4_motif1,0.017194453364778612,0.007282437025433475
NFATC1_motif2,0.01718702535016129,0.0038370795023427097
JUND_motif4,0.017064885776987847,0.010050130481170665
ATF3_motif1,0.016928880247781296,-0.005835175230762263
ARNT_motif2,0.01692742003856047,0.013426749460078886
SOX21_motif2,0.016926653826069237,0.01055671388094796
FOXO6_motif1,0.01692128711907918,-0.006566675251829169
ATF3_motif3,0.016911130453100547,0.013429748125846915
SPZ1_motif2,0.016897894143521854,0.016184695805309526
GATA1_motif1,0.016710332836597095,-0.0028327827911782274
GATA1_motif6,0.016710169454549468,-0.00343832670535088
FOXO1_motif2,0.016683238721748456,-0.004400128618060561
MLXIPL_motif2,0.016589441797325105,0.01311517355804553
TFEB_motif1,0.016479226158976415,0.0109407346829436
FOXI1_motif2,0.016451255429549488,0.012202509784438174
PPARG_motif1,0.016348821997231408,0.0107304030168827
GATA2_motif1,0.016297293952484863,-0.003603667096084391
ZNF24_motif1,0.01629373954730741,-0.004347383379096925
ZIM3_motif1,0.01628189822046732,-0.013176331281178335
ZBTB7B_motif2,0.01626095479376367,0.01010098521174914
REST_motif2,0.016248710309800584,0.013485438785718208
BHLHE40_motif1,0.01616568341666087,0.013287718877008563
SOX7_motif2,0.016081508508906408,0.012698844414613084
MYCN_motif2,0.01586350842146867,0.014641038663672107
KLF3_motif1,0.015780644176807888,0.00847941808344799
ETV2_motif1,0.015766328787693917,-0.014494974094252716
SOX18_motif2,0.015765870164627587,-0.013092070240234144
ZNF41_motif1,0.01576018999966315,0.014676568003319146
SOX10_motif2,0.01570205669870997,0.008899793897399179
PDX1_motif1,0.015700120077382206,-0.0003012626700827988
FOXC1_motif1,0.015681560422873487,-0.0010937764921819442
FOXB1_motif2,0.01566508281968429,0.012040306622446479
SOX18_motif1,0.015656920278667535,0.010948675319433209
ZIC4_motif1,0.015652143238638578,0.020422349097207894
PURA_motif1,0.01563320899543175,0.019064625881121917
SRY_motif3,0.01562664005087501,0.006216951414467083
EGR1_motif2,0.015566332696863099,0.013967201624146913
FOXC2_motif1,0.015555651243998152,0.0028975536049832707
RXRA_motif3,0.015533023930755544,-0.005084023597445562
NHLH1_motif1,0.015496339077791658,-0.0020449150467209045
POU3F1_motif2,0.015478244505829073,-0.010265225575486038
HOXA5_motif2,0.015410436350884791,-0.0025067700944135718
BACH2_motif1,0.01538562286032325,0.007811399629222666
JUND_motif3,0.015378153480582874,0.0004813410670003331
CEBPA_motif4,0.015338569177015574,-0.00871332118602569
NR2F1_motif1,0.015327409050206915,0.014970503127129076
TFCP2_motif3,0.015306280927209965,0.006795665665301951
SOX17_motif2,0.015267730833226727,-0.012263385124381168
GATA2_motif2,0.015235550886686659,-0.004006720194967719
ASCL2_motif1,0.015136336598280193,-7.830810050201986e-05
POU5F1B_motif1,0.015134058378468226,-0.007468433548846016
TWIST1_motif2,0.015070417912498763,0.0026162756382754177
BATF_motif2,0.015053865179650098,0.011907742121301768
HEYL_motif1,0.014931635927704941,0.017513581397175366
ZBTB7B_motif1,0.014852874553074918,0.007672588831481057
FLI1_motif4,0.01466524720459162,-0.016975799035958607
ESRRG_motif1,0.014521798683740431,-0.016329127919505526
THRB_motif4,0.014503781788550803,0.017086880570632023
SOX8_motif3,0.014481871518320638,0.004090494492712666
GLI1_motif1,0.014461839163546543,-0.014782005542039666
JDP2_motif1,0.014365733616964632,0.0021536808273179874
VENTX_motif2,0.014309264131296111,0.004349488252553299
NKX2-3_motif1,0.014204105307921985,-0.0024308106872595217
TEAD4_motif1,0.014178159085426635,0.007382716537077843
PRDM16_motif1,0.014153915129441176,0.003039545706718503
NR3C1_motif2,0.014115742008254271,0.0006565899737279478
OLIG2_motif1,0.014101834544459745,-0.008745299992107776
NFE2L1_motif1,0.014090591422505173,-0.008196910574116853
CEBPZ_motif1,0.014072346122554782,-0.000489020063992379
GATA1_motif7,0.014010891365235372,-0.002532256776881735
MYOG_motif1,0.013985299904706735,0.00011097678717830545
HESX1_motif1,0.013973651852838175,0.008084569705780784
VENTX_motif3,0.013958631769117956,0.0003196314744720321
HOXC9_motif1,0.01392522462329901,-0.010167704648880702
NANOG_motif1,0.013898695417468361,4.6441184021266735e-05
GATA4_motif1,0.013760822670682387,-0.0029702980454918296
XBP1_motif1,0.01374699471758253,0.006173530770824484
JUND_motif1,0.013731310713448784,-0.005811844547412418
SOX8_motif4,0.013721205519539535,0.015076214592622629
NR3C1_motif4,0.013678594980247804,-0.007381964975583401
NFYC_motif1,0.013654025340143221,0.008279989285733386
FEV_motif1,0.013611946332494322,-0.016637278605957578
CREB5_motif1,0.013602905995038628,-0.00042837922150561506
PRDM4_motif1,0.01351047464947577,0.002864967363276389
LHX6_motif1,0.013503564412088446,-0.012478391844046937
TFAP4_motif1,0.013433429397653017,0.002247908621459091
ZBTB4_motif2,0.013399061541756841,0.011215107547244916
BARX1_motif1,0.013398628878871192,0.00426398607452522
CTCF_motif1,0.013364667583041641,0.011174372600441757
ZNF410_motif1,0.013327880132346426,-0.00976898141878225
ALX1_motif1,0.013253626109369174,-0.005646737716797373
SOX14_motif1,0.01320992774884867,-0.005396713505034354
NFATC1_motif4,0.013138379819995674,0.005650076778812035
CEBPA_motif1,0.013104610332000279,0.006275845752176885
PBX1_motif1,0.01302684950430245,-0.0013272253323516068
NR2C2_motif4,0.013007681089669923,0.010318670435205856
PBX3_motif1,0.012994150272641208,0.009911891989264615
SOX10_motif3,0.01292115886400878,0.008581465149215192
ZBTB49_motif1,0.012884536894182702,-0.013646684925853005
MECOM_motif1,0.012867739475423851,0.002169142539763341
TFAP2B_motif1,0.012684384532845124,0.016791806744454272
ZSCAN16_motif1,0.012656229005240362,0.014625669197488863
MSX1_motif1,0.012640125807357096,-0.00025913168094182073
EMX1_motif1,0.012582236866283571,-0.013728571445718454
NR1H2_motif1,0.01246759399828401,0.007859350324393447
SOX10_motif6,0.012437599108332942,-0.012227085252338421
ARNTL2_motif1,0.012423054560512615,0.009831823191469274
HSFY2_motif1,0.012361357847788683,-0.013999326879066147
ZNF282_motif1,0.012322790840971877,0.0036350257105973297
ZSCAN10_motif1,0.012306729802911077,-0.008702579926936028
POU2F1_motif8,0.01223952887982251,-0.013880914731395225
RFX2_motif1,0.012197335415081879,-0.010733463791466035
TAL1_motif1,0.012145573912101412,-0.008385930500863623
MECP2_motif1,0.012103911652973086,0.015209426223608744
FOXO1_motif4,0.012062463657031435,-0.01429462798927473
TBX21_motif2,0.012043619072219411,0.0005033287491036484
NR5A2_motif1,0.012026821999867996,-0.00015555027476281668
RORC_motif1,0.011996209587722717,-0.005155016438950182
NFATC1_motif1,0.011908256454834322,0.004516651500337709
NR6A1_motif1,0.011884730479199069,-0.015659431773321252
KLF4_motif1,0.011874304593513133,0.015037397703784126
OLIG1_motif1,0.011859284244893107,-0.015907956366923548
TBX1_motif4,0.011797936649732395,0.01516378559735699
POU6F2_motif2,0.011774582797838261,-0.002586520156615385
PRRX1_motif1,0.011718018702186313,-0.003865748426142261
MYBL1_motif2,0.011703398107745669,0.009988562224474196
SOX2_motif4,0.011658670081691566,0.0008510278961419868
GCM1_motif1,0.011637269417551322,0.01736780518137981
POU2F2_motif1,0.011541299275522469,-0.02464711328166144
NFIL3_motif1,0.011533950445569287,0.004089669411334485
ZNF75D_motif1,0.011520492883524509,0.00014571320020784456
ZNF75A_motif1,0.011520492883524509,0.00014571320020784456
HAND2_motif1,0.011440937380039422,0.0063276180141647285
HAND1_motif1,0.011440937380039422,0.0063276180141647285
OLIG3_motif1,0.011424893641973436,-0.009851043261563353
PAX2_motif3,0.01140537384794091,-0.0033834059665680555
RFX1_motif1,0.011375312753416043,-0.015713752493673763
SMAD3_motif2,0.01137269497281067,0.01729697633323005
SOX9_motif5,0.0113710715853113,-0.0028302090450708466
POU3F2_motif4,0.011229704076557321,-0.005863034743025815
REST_motif1,0.011164399754549382,-0.013676617197566064
CUX1_motif6,0.011112460075886151,0.015505989683262347
SP4_motif3,0.01110819916255764,0.007929187591450495
HOXB13_motif2,0.011070735728319422,-0.014277547535265013
MAFK_motif1,0.011053822609477461,0.0028867769308276634
MTF1_motif1,0.011038478736690548,0.0036442889102948346
ETV6_motif1,0.011034630068585967,-0.012915975936351165
EGR4_motif2,0.011025652593891176,0.013870083100718982
FEZF1_motif1,0.011007185002252395,-0.017652699315672992
SOX15_motif4,0.011006983474633166,0.012155151853518495
NPAS4_motif1,0.010990453584298265,-0.010123781938604111
BHLHA15_motif1,0.010822463237821791,-0.005503148493397067
ATOH1_motif1,0.010801397549670676,0.0063751962398358245
BHLHE41_motif2,0.010773439637318827,0.013604980873686555
TERF2_motif1,0.010735769662742034,-0.00797193555260917
ZBTB1_motif1,0.010675854625338113,0.0029827282445936054
SOX8_motif1,0.010645017618913854,-0.0019904807047298905
ESRRA_motif1,0.010643211817334875,-0.012751090256317665
HIVEP2_motif1,0.01058519358478066,0.01636409514177096
THAP1_motif1,0.010474248249359714,0.003709368189731818
KLF16_motif1,0.010450598076470748,0.009396026969065068
POU2F3_motif1,0.010420295984256032,-0.0067504089603721285
FOXE3_motif1,0.010400014705174909,-0.0019482049784120279
FOXD1_motif1,0.010400014705174909,-0.0019482049784120279
ATOH8_motif1,0.010363682413471681,0.005958596959735217
POU3F2_motif2,0.01032847580329212,-0.004968682046027585
SMAD3_motif3,0.010263501138900346,0.002179948067620549
FOXD3_motif1,0.010230479055510177,0.0031384419319694054
RFX5_motif2,0.01022931046021845,0.015460997063059033
ZBTB33_motif1,0.010190690290048907,0.01636655661111576
TFAP2A_motif2,0.010168825378815749,0.015793060539989193
E2F1_motif7,0.010152029814355519,0.01869498227140194
GLIS1_motif1,0.010118000378145916,0.011621282673696762
PBX2_motif2,0.010108713520858329,-0.003237347224944328
HIC1_motif1,0.01008694542031465,0.0011046490804430837
ATF7_motif1,0.010072152131579467,0.0016061014117933912
MEIS2_motif2,0.010020978869176543,-0.00334157991785395
SOX9_motif2,0.010017224097863611,0.01210738819798542
SIM2_motif1,0.00995815335726203,0.009777268768359947
SIM1_motif1,0.00995815335726203,0.009777268768359947
NPAS1_motif1,0.00995815335726203,0.009777268768359947
NPAS3_motif1,0.00995815335726203,0.009777268768359947
HOXC8_motif1,0.009942339919009243,-0.0007932858725744911
FOXO3_motif1,0.00987080698756047,0.0005929346529926187
EN2_motif1,0.009856116357687336,-0.00521715172386306
ESR1_motif3,0.009829263444297628,0.011650917564815781
TEAD2_motif1,0.009828469722980722,0.015237619081708795
POU2F1_motif6,0.00981375820677698,-0.01416009059590618
TEAD3_motif1,0.009775459441575901,0.008971735630374443
MEIS1_motif2,0.009758975277022349,0.003090217595302302
ZNF740_motif1,0.009717230735939884,0.027950962797218187
PKNOX1_motif1,0.00970480442882752,-0.00011938484955846124
SRY_motif5,0.009681227470168675,-0.0051780234962486
ZNF232_motif1,0.009636321146170364,0.008850245102471746
RORA_motif3,0.009615597810449045,0.007138366417960704
GBX1_motif1,0.009595371650903819,-0.003699087265368752
NFATC1_motif3,0.009586230447753972,-0.008018240669827868
ARID5A_motif1,0.009566779038624391,-0.006648215282752515
FOXK1_motif2,0.009529329338422104,-0.006206577224996512
SP1_motif1,0.009524560775186834,0.012842709011546884
CEBPB_motif1,0.00951467583527518,-0.010333260566169176
KLF12_motif1,0.009475303329288696,-0.0011854825624615605
RXRB_motif2,0.009444089696475536,0.01769131911905819
PAX1_motif1,0.009409021262108514,-0.00669087861861264
CREB3L1_motif1,0.0094045346745249,0.003997596495581766
HOXB6_motif1,0.009360199800532015,0.009761783337193786
ZBTB4_motif1,0.009324478714181544,0.021648889651782164
HEY1_motif1,0.009260529028634548,0.015082159616636079
MSX2_motif1,0.009256697558640241,-0.010386525640430503
NEUROG2_motif1,0.00920189260144816,-0.014526006800500547
HOXC13_motif2,0.00913855132961754,-0.01066443522275321
ZNF85_motif1,0.009012447327125675,-0.006316546751051468
CEBPG_motif1,0.008963190777811486,-9.880292957803699e-05
SOX18_motif3,0.00891827279822185,0.012990300076268533
HOXA9_motif2,0.008908067737086934,-0.002165604741765833
FOXO3_motif3,0.008881311267602362,-0.006092958215111795
DRGX_motif1,0.008849515058992055,-0.004723489158376198
THRA_motif1,0.00884077503640514,0.015466682240742815
NEUROG3_motif1,0.00880018154609669,-0.010083770453539387
IRX2_motif1,0.008789535080382627,0.004591448303010957
NHLH2_motif1,0.008782611822151145,-0.004126016517049765
SOX15_motif3,0.008772653749517002,0.0013621481940885216
GFI1B_motif1,0.00875717809926664,0.01891563506546521
E2F1_motif5,0.00874654650869535,0.009553674954801125
TFCP2_motif2,0.008708755658300836,-0.008904620514445084
HOXA1_motif2,0.00865363271946082,-0.0019449033284002876
CEBPB_motif2,0.008582455976362313,-0.003998134181050786
FOXP4_motif1,0.008567743074528834,-0.003146784543721355
RARG_motif4,0.008545169189538765,0.009299597898316268
ISX_motif1,0.008439084480223026,-0.006145524402185625
HLF_motif1,0.00842515928851862,-0.0006457093977189076
LBX2_motif1,0.00837603337556104,0.0009309845394361907
TFAP2A_motif3,0.008204410233942382,0.009331617682360162
FOXF2_motif1,0.008202829271165281,-0.005005949719311512
SRY_motif6,0.008132207676545872,-0.001662749867844084
SOX2_motif2,0.008131523847893321,-0.0035206382671384207
HESX1_motif2,0.008069309846985187,0.011489299586865445
HOXD13_motif1,0.008062557041588371,-0.014193450834083113
E2F8_motif1,0.008017897420814124,0.006849563157277171
FOXA2_motif1,0.007954453123337112,-0.006033884866266003
EGR2_motif1,0.00795092188670395,0.004547473570488471
SOX9_motif1,0.007950005068486359,-0.0029367269470718443
VDR_motif1,0.007929449292078783,-0.0023360182082464184
ZBTB3_motif1,0.007919592676069124,-0.009869557577451973
ZFX_motif1,0.007857877277720636,0.014772124392232884
SOX3_motif1,0.007755361115156442,-0.01957562332669066
KLF9_motif1,0.007752749692146336,-0.0021864041852381953
PAX2_motif1,0.007713070208042186,-0.0030525816909155335
TCF21_motif1,0.007706095355479877,-0.0026652745012121786
IRX1_motif1,0.007674870433859735,-0.009959932709614542
IRX3_motif1,0.007674870433859735,-0.009959932709614542
OVOL1_motif1,0.0076632492387557994,-0.014084296954897976
PHOX2B_motif1,0.0075494343049015275,-0.007728868669267659
SRY_motif4,0.007453446496093518,-0.004947244071768956
POU2F1_motif7,0.007395057301930802,-0.0072378764160547625
NR3C2_motif3,0.007372594022796869,-0.002698800220258248
BARX2_motif1,0.007366305729392769,-0.012237463557944389
MNX1_motif1,0.007354324046410999,-0.003153121456427728
SP2_motif1,0.0072973864420370635,0.011990764246245036
SOX21_motif3,0.007273623931254794,-0.0027442737966189576
PHOX2A_motif1,0.007267025154904869,-0.006981164258592807
EMX2_motif1,0.0072471049953857294,-0.013902007643095307
CREB3L4_motif1,0.00719179656555301,-0.001442363848259169
CREB3_motif1,0.00719179656555301,-0.001442363848259169
CREB3L3_motif1,0.00719179656555301,-0.001442363848259169
SP3_motif1,0.007162021705453553,0.015117568345365198
TCF4_motif1,0.007123848197105397,0.010651609304099825
SOX21_motif1,0.007116093581408097,-0.005802779370505983
PAX5_motif9,0.007034613641986177,-0.004424852389096576
ARID5B_motif1,0.006996589353734646,0.014175618574056057
CDC5L_motif1,0.006986879064300689,-0.0031768187814815957
TCF3_motif3,0.006935389430025557,0.0031842260116528463
MEOX2_motif1,0.0068934911655498185,0.003775800455100207
MEOX1_motif1,0.0068874144659574555,-0.01023959574523981
FOXK2_motif1,0.0068724536382854355,-0.007879175140360479
MYB_motif2,0.006862980556436459,-0.0021884451159575476
E2F2_motif3,0.0068370006916661525,0.005558032920529995
TEAD1_motif1,0.006804941030013478,0.011781345180381793
HOXB7_motif1,0.006758923410588481,0.003985158003078471
MYBL2_motif2,0.006749595962500337,0.016150686236585134
POU1F1_motif2,0.006581469111117774,-0.002378857824736872
TGIF2_motif1,0.006550940386933282,0.01717915191671397
HOXD9_motif1,0.00647871610775294,-0.00695318126226732
SOX5_motif1,0.006455807858080978,-0.003340049795462084
TGIF1_motif1,0.00643234763872755,0.008305956720589867
HOXA13_motif1,0.006428511889582583,-0.014865716426847198
TEAD3_motif2,0.006373498007953702,0.013794833991820857
SOX7_motif3,0.006373430010212006,0.0033313713315139635
AR_motif2,0.006365219074038971,-0.0013425059959701804
ERG_motif2,0.0063594391029795925,-0.01258834665797438
NANOG_motif2,0.006328679141644139,-0.007109198096902097
SOX2_motif3,0.00632130640957798,-0.016595170500084182
MAX_motif3,0.006309432337046883,0.018819960510862502
POU2F1_motif5,0.006257140545414966,-0.005705781274603801
HOXB8_motif1,0.006198636812652891,0.005076168462461542
HOXC13_motif1,0.0061842404864606995,-0.013977754967391828
EN1_motif2,0.006166489428411664,-0.013994724122730543
VAX2_motif1,0.006123308743236613,-0.004912533129874304
EN2_motif2,0.006070032094891595,-0.005039537343403813
LHX3_motif1,0.00603535481564881,0.004408285861081253
TEF_motif2,0.006015192558086791,0.0010802224454782117
BATF3_motif2,0.00594569772496717,0.004945474296563161
RORB_motif1,0.005910404614813531,-0.016324231205896413
HSFY1_motif1,0.005829825619997941,-0.011811753110256194
HNF1A_motif1,0.005814722235478184,-0.005256720602111075
NR2C2_motif3,0.005813976766679208,0.01025840789001444
NKX6-2_motif1,0.005799354154924678,-0.004631666674821692
ATF3_motif2,0.00575676026356671,-0.007669722146945563
PAX5_motif4,0.005713935359203766,0.0025345562905624637
NKX3-2_motif1,0.005713697866342076,-0.0003257749899454323
NFIA_motif2,0.0056871104844393415,-0.013633509135690806
RFX3_motif1,0.005677266257589693,-0.016226859132603355
PAX3_motif2,0.005670788866480188,-0.0020969618467890187
KLF7_motif1,0.005643023454777364,0.013449883404382856
MYB_motif3,0.005627803229067651,0.011525876890509382
MGA_motif1,0.00559621757504678,-0.004366665191221971
MEOX2_motif2,0.005588154106556288,-0.013757634581178428
HOXB1_motif1,0.005486038370609431,0.0051870522596206
PLAG1_motif1,0.0054549440853458985,0.0020213891118394675
SP8_motif1,0.005446115443586482,0.004740734604209264
SP9_motif1,0.005445951144578004,0.004740962234647527
SP7_motif1,0.005445951144578004,0.004740962234647527
MSC_motif1,0.005432721926163264,0.010210700148716667
ALX4_motif1,0.005375488102679043,-0.008916885049285552
PPARA_motif1,0.0053508971483287844,-0.007760266611212865
ZNF784_motif1,0.005347783190015803,0.009035371409655086
NR2F6_motif1,0.005327150083242708,0.008684767636278724
SRY_motif2,0.005306753205963015,0.012649770299755413
ATF4_motif1,0.00523988695320996,-0.008899707886470891
FOXI1_motif3,0.005211804558327689,-0.007096000523825341
VENTX_motif1,0.0051995329934539924,-0.01756628249975647
PAX7_motif1,0.005152695998185029,-0.002221173099435851
POU4F3_motif1,0.0051186905048422205,0.0005901580140131782
ZBTB6_motif1,0.005085737152762433,0.005972083966411925
MYOD1_motif1,0.005015240142557984,0.005620505891560759
IRF6_motif1,0.004973857230460197,0.0029020613234203843
FERD3L_motif1,0.00494851281956306,-0.002267049058597058
PROP1_motif1,0.004876392340351612,-0.0018551372620151454
RHOXF1_motif1,0.004837644753376908,0.0002988610069627172
TFEC_motif1,0.004834226139913765,0.004134939870677148
POU6F1_motif1,0.004832462803810871,0.00129061992895166
FOXB1_motif1,0.004819252148759237,-0.005939922033058453
HMGA2_motif1,0.004778368165251623,-0.00452847717771252
LHX6_motif2,0.004763673989796513,-0.0021288520336986048
POU3F1_motif1,0.0047024560325239235,-0.006604054773960613
E2F5_motif1,0.004581756760332277,0.01680903012209607
EGR3_motif1,0.004571010142115838,0.014969647643404293
GATA1_motif4,0.004562122101669863,-0.0009188572226935888
ZBTB12_motif1,0.004530544557658339,-0.017678857356126062
BARHL2_motif1,0.004464609325827691,-0.0042905668950636066
TBX10_motif1,0.004457752903854152,0.017815704859167458
SOX9_motif3,0.004441150940395975,-0.00668553055649332
BSX_motif1,0.004440920742467316,-0.008451588219585448
ATF6_motif1,0.004399893509297095,-0.0014366846410094048
NFYB_motif1,0.004326989639861049,-0.01009095467883047
NOBOX_motif1,0.004311674050222318,-0.008243573652476802
DLX6_motif1,0.004293360895168586,-0.006884212723925197
PKNOX1_motif2,0.004270675731884422,0.014647944030978443
MEIS1_motif1,0.004237878854080475,-0.0012884790087451937
FOXB2_motif1,0.004178066923830579,-0.007892239448459504
SOX13_motif1,0.004175147829887941,-0.007926665195151046
PROP1_motif2,0.004066369109954335,-0.014664152353329617
BHLHE22_motif1,0.004038306134265302,-0.012304999029107023
BHLHE23_motif1,0.004037715366951177,-0.012304197177403858
PRRX2_motif1,0.004014738813883901,-0.006548929328760927
POU2F1_motif3,0.003995708208279567,-0.0034781758883441027
FOSL2_motif1,0.003992703062654825,0.005860367100126785
NR3C2_motif2,0.003989097633699964,0.008377282052100855
EVX2_motif2,0.00397071947631,-0.0034248613593272793
DLX4_motif1,0.003942659108865178,-0.007357609924696017
HOXA13_motif2,0.0038496033944670554,-0.016658689417797964
TBP_motif1,0.003838179121801162,0.0016124909376759881
ESRRG_motif2,0.0038267817262768017,-0.001773313767925864
FOXI1_motif1,0.0037438030652781062,-0.0056498362905448825
SHOX2_motif1,0.0037215700655804634,-0.006546238435809971
POU4F1_motif1,0.0037162516926159683,-0.001602483736316876
TFE3_motif1,0.0037056507285372683,0.007589011965596849
ZBTB7C_motif1,0.0037042391182418063,0.006138665657244586
VAX1_motif1,0.003619201798613877,-0.005238505419230575
GMEB2_motif1,0.003617825277353837,-0.00104463268829922
EVX1_motif1,0.0034548535595265023,-0.003794689033656407
DLX2_motif1,0.003431002490702454,-0.006196229219852606
ALX3_motif1,0.00342863449023424,-0.006470062625893918
ZBTB18_motif1,0.003307364338590589,0.015517209351395915
SOX30_motif1,0.003285377410432866,-0.007074684505360552
SP2_motif2,0.003274135837123294,0.008757667226564111
C11orf9_motif1,0.003252745055783384,-0.015193785968696284
ZBTB42_motif1,0.003238269524550148,0.019333635298738445
HOXB5_motif1,0.0031811287012736274,-0.005502864174400999
FOXA1_motif1,0.0031786187145110964,-0.004355903045801704
ESRRB_motif1,0.0031640164796644765,-0.007182117249019076
ARID3B_motif1,0.003161178078277161,0.003617095519150858
GLIS3_motif1,0.0031028962296653154,0.012031384165403045
LMX1A_motif1,0.003080339074116641,-0.0035456606617598556
DLX3_motif1,0.0030686453575974543,-0.005238363636705336
FOXG1_motif2,0.003021121680908834,-0.018194995549153055
ISL2_motif1,0.002974344043572612,-0.006915668678927222
ESX1_motif1,0.002846560128038837,-0.005715799561000816
GBX2_motif1,0.0028272340776467186,-0.015277604260185408
FOXO1_motif1,0.002821149125406652,-0.009073188322114819
ONECUT1_motif1,0.0027631196244223624,0.017799851217275363
ZNF18_motif1,0.002756292341427136,0.017209102711036317
TBP_motif3,0.0027221361812272407,0.0008369690319216933
NKX2-1_motif1,0.002656613704043215,0.011273349599755613
NR3C1_motif3,0.0026532317282604943,-0.003433663694498585
ZNF219_motif1,0.0026023025608374246,0.016702278517338253
PRKRIR_motif1,0.002559824899362175,0.011349721618917933
MESP2_motif1,0.0024542798316986134,0.0010762424889559654
MESP1_motif1,0.0024542798316986134,0.0010762424889559654
RAX_motif1,0.0024376600995767383,-0.007485978270325557
NKX2-6_motif1,0.0023003154814899736,-0.005700761504847817
AIRE_motif1,0.0022308017182229045,-0.007739536082443054
KLF12_motif2,0.002198422831930914,-0.010248328309878431
DLX5_motif1,0.00215442965830677,-0.0065640724686280155
BHLHE41_motif1,0.0020531730127973952,0.01452621872034281
E2F1_motif6,0.002019022904539149,0.024311042298629546
E2F3_motif3,0.0019833585067464835,0.011735359552702213
VSX1_motif1,0.0019797335159600286,-0.006371883688178352
RFX1_motif3,0.0019383594066864568,0.025560290390332866
ARX_motif1,0.0019367952141045666,-0.006743099274459042
CUX1_motif7,0.00192163283843641,0.009898343159049307
GLIS2_motif1,0.0019090674996813755,0.011835830057104422
TP63_motif1,0.0018791070059508608,-0.03250474812512022
ESRRA_motif2,0.001873503356275627,0.011714094985929898
EVX2_motif1,0.0018714732456943752,-0.013555698934745111
CEBPE_motif1,0.001846854110080478,-0.005837490088254648
ALX1_motif2,0.0018313916640664396,-0.010338207712625369
SOX11_motif1,0.001782290631313418,-0.008153411968424592
UNCX_motif1,0.0017464952100028916,-0.0051374846975609815
CUX1_motif3,0.0017444464749278102,0.0038889189673728406
GSX1_motif1,0.0016807167988555174,-0.005950436028494192
GATA5_motif1,0.001673117088412149,0.0007985646328300092
HMX3_motif1,0.001505385650927578,-0.010601134562100054
ZFHX3_motif1,0.0014978155685083107,-0.0013276584027754168
OTX2_motif2,0.0014730622102020106,-0.006214207623063193
TCFL5_motif1,0.001471967195924746,0.019621397177166332
NKX2-5_motif1,0.0014538552832135336,-0.0061430456735998284
MBD2_motif1,0.0014456836540958568,0.00874436685198695
CUX1_motif2,0.001405465628692556,0.009958815830915091
ARNTL_motif1,0.0013899316189779384,0.010061940407195663
EGR1_motif1,0.001376066579905684,0.02436303850283532
TBX3_motif1,0.00136372976817286,0.016016241537770665
ARNT_motif1,0.0013468998889997093,0.009563336563802085
CDX1_motif1,0.00132187568083347,-0.006419111431033397
POU3F2_motif3,0.0012759038279436389,0.0026477607322557546
FOXI1_motif4,0.0012455898559916106,-0.0033124321163416075
FOXI2_motif1,0.0012454596883038817,-0.00331235545841405
HSF1_motif1,0.0012170077989504795,-0.0019918441236381444
SOX12_motif1,0.0012125145888717977,-0.00828461671850447
FOXA3_motif1,0.00118716883309874,-0.0049265122185001295
IRX5_motif1,0.0010944056088367557,0.0007732981432287208
OTX1_motif2,0.0010399692495318585,-0.007461538023586201
FIGLA_motif1,0.001032958513234719,-0.0013933702018108331
POU2F1_motif2,0.0008802802311919072,-0.004618330599901872
HOXA2_motif1,0.0008692364157736006,-0.006731720666443774
VSX2_motif1,0.0008481277119698885,0.0023744971664441446
GATA3_motif2,0.0006244162217678867,-0.0024005631847810955
GRHL2_motif1,0.0006218472642338645,-0.029036803349787803
RUNX2_motif2,0.0005375943944297441,0.025643377150828022
RXRA_motif4,0.0004940025032530706,-0.012130445178708215
E2F1_motif4,0.0004097794652421305,0.021587042863131473
POU1F1_motif1,0.00037346683725503356,-0.002637995384416625
MEIS2_motif1,0.00035471678091880524,-0.0015192659930576724
PAX4_motif5,0.0003467285032185022,0.010582769058769901
DMRT1_motif1,0.00029635042926985693,-0.0019475032384574254
HMX1_motif1,0.0002536083774144755,-0.014089220504894808
ZNF143_motif2,0.00024518252599371433,0.007553079489203722
SOX4_motif2,0.00024180220074053406,-0.0008017236241094717
TFAP2C_motif1,0.0002411279084808861,0.005813436350704528
POU6F2_motif1,0.00022700736336034926,-0.0020198182763855976
SOX4_motif1,0.00021993429410191334,-0.005192187057021735
BARHL2_motif2,8.653230204210421e-05,-0.0031555857785396327
TFDP1_motif1,4.557520618891002e-05,0.0033736941284890983
LMX1B_motif1,2.716925469655688e-05,-0.011087927582884686
TFAP2C_motif2,-5.767342470701678e-05,0.011259528309904645
EGR4_motif1,-6.737350531011036e-05,0.017935162953521402
ELK3_motif1,-7.73487760545277e-05,-0.017343867021651353
MAX_motif2,-8.480788583331744e-05,-0.004142661292391462
CDX1_motif2,-9.544587475368983e-05,-0.00868717023673657
SP4_motif1,-0.00014842514250467087,0.006753206933974151
ELK1_motif2,-0.00015166148452655956,-0.004624606198492345
MAFA_motif1,-0.0001998688064755587,0.0019740483178993387
TP53_motif1,-0.00021364765122735375,-0.01144938322120684
LHX8_motif1,-0.0002155410735103456,-0.00870220224094792
HNF1B_motif1,-0.00021704548024442874,-0.0072740427989737904
CUX2_motif1,-0.00024701119046336844,0.010793420275500645
ELF3_motif2,-0.00027199641760477584,-0.02102908237074143
IRF9_motif1,-0.00039782889779873913,0.020227613325530934
ZFHX2_motif1,-0.00040850727375058905,-0.006035202885423433
CUX1_motif5,-0.0004201581987631647,0.013697866481657448
FOXQ1_motif1,-0.0004201971594110884,0.003330007606952091
SOX2_motif1,-0.0004871547210884871,-0.006808210117726378
SMARCC2_motif1,-0.0005021726856102858,-5.05765959739579e-05
GATA5_motif2,-0.0005234805125580938,-0.003919438746094759
HMBOX1_motif1,-0.000524492327920362,-0.006750475878137703
SNAI2_motif1,-0.0006193285357778403,-0.0005851428290614753
FOXL1_motif2,-0.0007092493240247428,-0.00708136992432291
ESR2_motif1,-0.0007458734538030589,0.005890529365999424
NFIX_motif3,-0.0007886699323794678,-0.010736208234930978
CPEB1_motif1,-0.000791809545219508,0.0010373719477189333
E2F7_motif1,-0.0008279050980066402,0.005896298639182151
HMG20B_motif1,-0.0008903065053368233,0.003038218945867579
FOXP2_motif1,-0.0008921657351683422,-0.005823403592947229
PPARG_motif2,-0.0009590878206490697,-0.007771529600652652
PDX1_motif2,-0.0009911139215344152,-0.012310572194928022
FOXS1_motif1,-0.0010928229140224827,-0.008697964068248638
FOXD3_motif2,-0.001114645135633569,9.9019240643955e-06
NR5A1_motif1,-0.0011263248532170217,-0.008244297012330698
NR2E3_motif1,-0.001161625930741653,-0.008237306286157127
FOXL1_motif1,-0.001171349444788843,0.0003611352420106343
NFIX_motif1,-0.0011791281256143846,-0.011884948878898051
HOXB13_motif1,-0.0012760362982219616,-0.002664673789966993
GRHL1_motif1,-0.0013871411644549349,0.00043702724235331834
CUX1_motif4,-0.001415590364056493,0.008844131581806788
RORA_motif1,-0.0014548191924653054,-0.005630042834639125
HES1_motif1,-0.0015261701173726271,0.01550059216638753
TBX2_motif1,-0.0015344182006487822,0.006250995073758407
ESR2_motif2,-0.001626138351371764,0.00020637875988390331
T_motif1,-0.0017330449225142362,-0.0068430388789025645
TCF3_motif2,-0.0017584837396257189,-0.002720127303384031
HOXA3_motif1,-0.0018459554680647413,-0.01541179498121969
SPDEF_motif3,-0.0019110299793052743,-0.008039335028288411
HOXD4_motif1,-0.0019132807106684668,-0.007856162112628042
ONECUT3_motif1,-0.0019553240179747086,0.011997836724573142
NR4A1_motif1,-0.002023649664872273,-0.0015427208125305038
GLI2_motif1,-0.002114352641106206,-0.015013807112973888
POU3F1_motif3,-0.0021187551739446885,0.001343626318367069
LHX6_motif3,-0.0021582184183020973,-0.0034073767904798905
BATF3_motif1,-0.00224320793370407,0.023184682101665754
HMX2_motif1,-0.0022674016606115312,-0.0092388862053207
ARID3C_motif1,-0.0023138772714187124,-0.00787995555555652
SPDEF_motif1,-0.0023427769025696193,-0.0395385839092123
HES4_motif1,-0.0024127244494522755,0.017574061995658325
NKX6-1_motif1,-0.0024498495251346498,-0.0032807423770751317
ARNT2_motif1,-0.0025357830007955505,0.012575120210819116
E2F7_motif2,-0.0026121064414094115,0.00520143562609936
GATA1_motif3,-0.0026764761969129717,0.004348239107344603
HOMEZ_motif1,-0.00271781698994211,0.008563402405982766
TBX3_motif2,-0.002721017448229169,-0.002892997919304937
EOMES_motif3,-0.0027403264431493674,-0.00719935784514806
SOX15_motif2,-0.0028867891365955013,-0.014019827780460726
POU2F1_motif4,-0.002971981341100454,0.001380129674212203
HOXA10_motif1,-0.002983611114882619,-0.00851929204476123
SPZ1_motif1,-0.003180611290827978,-0.0023618201826106715
TGIF2LX_motif1,-0.0031812040143252627,0.011804779154277831
TGIF2LY_motif1,-0.0031812040143252627,0.011804779154277831
LHX4_motif1,-0.0032353347200115108,-0.00777982952278253
FOXF1_motif1,-0.003258148054046429,0.003872915636715241
PAX2_motif2,-0.003263348831875376,-0.012668597666080252
FOXP1_motif2,-0.003364277877836282,-0.009621074226711287
LBX1_motif1,-0.0033645896445273047,-0.004565494541059682
EPAS1_motif2,-0.003400083956269646,0.011918006071700547
HOXA9_motif1,-0.003411901360619846,-0.0007672918050993705
RFX2_motif4,-0.003449636948840109,0.01241307012015964
THAP1_motif2,-0.0035811431956494252,0.013133651929068594
RUNX3_motif1,-0.0036465672727451527,0.010975392604123868
E2F3_motif4,-0.0036598612489732313,0.010720490649653
PAX4_motif1,-0.0036711465511271787,-0.0021702617821841106
HOXC10_motif1,-0.003687917357644299,-0.005342678896845809
RFX3_motif2,-0.003780599339174446,0.012741387241439832
POU3F2_motif1,-0.003788923937739802,-0.005040222231655574
NFE2L2_motif1,-0.0038064518686472242,0.0003067186686833175
PROX1_motif1,-0.003874112841185673,0.019515655655733613
SNAI1_motif1,-0.0038822710011672213,-0.002001781269187862
ARID2_motif1,-0.004047062682524534,0.006749783267037845
RXRA_motif2,-0.00404707168911783,0.0015665964355285832
POU3F3_motif1,-0.004078546961428554,0.008687021485308827
FOXO4_motif1,-0.004146937631039258,-0.0036023643799848
FOXO4_motif4,-0.004155633089328576,-0.016561326554867282
NR2C1_motif1,-0.004357074738383433,0.00759303770903117
SOX7_motif1,-0.004369063186498629,-0.011822279800505561
NOTO_motif1,-0.004370411567248846,-0.006887030116720457
RXRG_motif2,-0.004391029533979363,-0.009957507490788916
SNAI2_motif2,-0.004418817176888717,-0.002860890310787952
HOXB9_motif1,-0.0045073654377495295,-0.005925603709669741
ZEB1_motif1,-0.0045361884313497875,-0.0026664189906218483
BBX_motif1,-0.004676495627700669,-0.0026181649240461036
POU6F1_motif2,-0.004677601258346956,0.005549628199962737
GATA1_motif2,-0.004759887756537767,0.0017680473560765394
TBR1_motif1,-0.004762735673941076,0.015393628132364749
E2F6_motif1,-0.004785505218000896,0.013555055798777657
HMGA1_motif1,-0.0048140494758778535,-0.006997012663619568
FOXO4_motif3,-0.0048467255797486185,-0.012257947220474871
CREM_motif1,-0.004881627901562361,-0.005179871926318927
XBP1_motif2,-0.004920405157314981,0.00864797688452443
ARID3A_motif1,-0.004988351610333249,-0.008999147339709766
LHX5_motif1,-0.005175536188984573,-0.007080404262657058
LHX1_motif1,-0.005175536188984573,-0.007080404262657058
ZEB1_motif2,-0.005176477418737841,-0.0041910190978053765
E2F3_motif1,-0.005189202349435626,-0.0011226801987144334
FOXC1_motif3,-0.00519191606452344,-0.0052727891592508945
HOXA6_motif1,-0.005229400874138057,-0.007000464735965498
HOXC5_motif1,-0.005239422522724877,-0.007699094277837086
ATF2_motif1,-0.005264750204180619,-0.012157200181055415
PKNOX2_motif1,-0.005321166078204428,0.023078924645491047
TBX19_motif1,-0.005334878820266963,-0.005914759261918425
FOXP3_motif1,-0.005401759948162791,-0.0008794850427376299
FOXG1_motif1,-0.005438753694673686,-0.012263200591103134
HOXD11_motif1,-0.005500941368616801,-0.008004533449907376
HOXB4_motif1,-0.00551344084920547,-0.007498369040110526
SP1_motif2,-0.005533448160759743,0.017162207498941456
TBP_motif2,-0.005571563717181803,-0.015655833191007447
CREB1_motif1,-0.005590515892067591,-0.0035705585127201447
THRB_motif2,-0.005614728223091974,-0.0126254587128126
SP6_motif1,-0.005618566193319903,0.002850120259127415
SP5_motif1,-0.005618566193319903,0.002850120259127415
FOXH1_motif1,-0.005641047974686219,-0.013310913055452319
FOXC2_motif2,-0.005662300356067604,-0.0012704507839947673
HOXD8_motif1,-0.005685790244198948,-0.006972861952364704
PAX5_motif6,-0.0057808301192509865,0.0050241271030278395
ETS1_motif1,-0.006060724840319189,-0.008135902009949946
FOXO4_motif5,-0.006082372248437316,-0.0162641227101288
DMRT2_motif1,-0.00615927555471957,0.0004255558175225214
HOXB3_motif1,-0.006168457511685238,-0.00838593530981389
TLX2_motif1,-0.006439171172371721,-0.010932549808835781
HOXD3_motif1,-0.006441808861216125,-0.007865453982634977
LHX2_motif1,-0.006471462560221147,-0.009029422310260054
RFX2_motif3,-0.00666775235640295,-0.02471096432259725
NKX1-1_motif1,-0.006679150077957835,-0.00771990268714893
HIF1A_motif1,-0.006704312217413717,0.026381933715481053
LCOR_motif1,-0.0067891441174330065,-0.011748297401710751
CDX2_motif1,-0.0067905020753299405,-0.007427221497121054
NR2E1_motif1,-0.006851386747896754,-0.013895477944463197
RFX8_motif1,-0.00703366422071593,-0.008212571531967748
RUNX2_motif1,-0.007074864148180687,-0.01005304170962685
FOXC1_motif2,-0.007092887176819596,-0.007153817554790853
HOXB2_motif1,-0.007099326096326967,-0.008808493694371313
PAX9_motif1,-0.007218997577660544,-0.012900250546717456
HOXC6_motif1,-0.007255094821731033,0.00745432294765654
SRY_motif1,-0.0075436734066279525,-0.01052539661118117
ZNF524_motif1,-0.007562663319547188,0.009196196175711213
PAX4_motif2,-0.007580059962036946,0.004661277032143591
ATF1_motif1,-0.007724127900134781,-0.003521636328087849
SMAD4_motif1,-0.007791691776707039,-0.0005087697502999454
E2F2_motif1,-0.007945338389790639,0.009356787972579206
HINFP_motif4,-0.008007404087563005,-0.0018977409139120025
ZNF333_motif1,-0.00805270260590786,-0.004451864935182851
FOXE1_motif1,-0.008053352303239662,-0.007278513329553968
ELF1_motif1,-0.008143566152176124,-0.018119834590758548
MEIS1_motif3,-0.008319218929218514,0.011981707729524461
HOXD12_motif1,-0.008331336526176044,-0.01022038015806547
DMRT3_motif1,-0.008357396614832792,-0.011065749071038794
NR4A3_motif1,-0.008408919871005976,-0.0051032150583609345
ESR1_motif2,-0.00848814247694654,-0.004342425392125726
TBX20_motif1,-0.008519115376969654,-0.0054585669365570235
SIX5_motif1,-0.00853971080684002,-0.00525229575655843
PAX5_motif5,-0.00858371649188562,-0.013651297564988946
NKX2-2_motif1,-0.008608859191771357,-0.0006955714060978257
HES5_motif1,-0.008625216285927181,0.004746911721203808
GSX2_motif1,-0.008779943567944877,-0.00661766143384057
FOXJ2_motif1,-0.00885463231187548,0.004261097281044643
MLX_motif1,-0.008856405917939961,0.005461082445461598
ESR1_motif4,-0.009105773381961042,-0.008268118249361566
FOXP1_motif1,-0.00917143690810162,-0.017539955921898075
TLX3_motif1,-0.009236803216663423,-0.01786746145131312
RARG_motif1,-0.009318732854066009,-0.008750659893210591
RORA_motif2,-0.009333315343688862,-0.007759496567862948
IRF7_motif1,-0.009343147140624685,-0.003381076539586515
GFI1_motif1,-0.009571569751558559,0.011686451530020917
PRRX1_motif2,-0.009591162107760152,-0.019986950754307533
ZNF713_motif1,-0.009642523510153808,-0.0008587082380099549
DLX1_motif1,-0.009706443526922888,-0.008779451302603589
MYBL2_motif1,-0.00972561296040081,0.006782072005889242
FLI1_motif1,-0.009887967828471896,-0.013347538958021621
ZNF384_motif1,-0.009994895082175895,-0.007346167924120242
E2F3_motif2,-0.010038861113758702,0.012888462546245368
HSF1_motif2,-0.010056967993373661,0.006162120211817615
MIXL1_motif1,-0.010164961428030236,-0.009562581110318233
RAX2_motif1,-0.010188182340977169,-0.009520565719375828
ZBTB7A_motif3,-0.010488898227301566,0.010308833238389435
SHOX_motif1,-0.010531567574349523,-0.009185652409613018
AHR_motif2,-0.010594001645863087,0.0033803767150612555
AHRR_motif1,-0.010594001645863087,0.0033803767150612555
ZFP42_motif1,-0.010633599744597044,-0.01056329835270853
ATF6B_motif1,-0.010885158093002785,0.012086450599077425
PAX5_motif1,-0.010900133530917774,-0.0005163462514452044
HES7_motif1,-0.010949623293942995,-0.0016922668581739388
ESRRA_motif5,-0.01132247477914451,-0.008489645477673977
NR1D1_motif1,-0.011358383394178476,0.002406952547648429
YY2_motif1,-0.01136616983860593,0.00825972033468155
RFX6_motif1,-0.011608801552702117,-0.0010644231284226062
HOXD10_motif1,-0.011614109553820485,-0.005544805658298415
CREB1_motif3,-0.011699587524081968,-0.008540257947194312
HOXC11_motif2,-0.01173785739482763,1.77318935671462e-05
E2F4_motif2,-0.011837856459088436,0.007170421311416927
HOXC11_motif1,-0.012014065607224397,-0.013902873987712006
NKX3-1_motif1,-0.012083152127863319,-0.006122995815061841
MEF2D_motif1,-0.01212834081467454,0.0023549736434374706
E2F2_motif2,-0.012225460825616749,0.013288108809518326
CREB1_motif2,-0.012335776555337094,-0.002588539080274194
FOXC1_motif4,-0.012452432233923092,-0.005365313851428884
SOX15_motif1,-0.012523135641827759,-0.006816752158276041
SREBF2_motif2,-0.01256426408709957,-0.0014107562279315699
ZNF35_motif1,-0.01306706265962476,-0.010862393459777771
HEY2_motif1,-0.013134781889742925,-0.0020065684365400526
KLF14_motif1,-0.01346775006063047,-0.002961934302886378
ERF_motif1,-0.013608097195720854,-0.015551865703554277
NFAT5_motif1,-0.013835339270494964,0.008307853219785956
ONECUT2_motif1,-0.013959556595460354,-0.0005436064584702173
MEF2C_motif1,-0.01400659218407381,-0.006433290457879635
NR2F2_motif1,-0.014024203517665305,-0.003739289600552962
NR1I2_motif1,-0.014162076142189832,-0.008136711278847587
RFX2_motif2,-0.014475357978576499,-0.013939671137815385
RARG_motif5,-0.014576380045122015,-0.0011173297321199803
ETV5_motif3,-0.015113328196105853,0.0006734577947036268
POU3F4_motif1,-0.015136157892797823,0.005023953736295342
THRA_motif2,-0.015390635375900014,-0.0071527481339099235
EN1_motif1,-0.015434540093366925,-0.009322243163614746
ID4_motif1,-0.01605686347424256,0.0067965524275803765
ID3_motif1,-0.016056911767514306,0.006796407119850071
ZFP28_motif1,-0.01647288331658984,-0.009371104441669298
HOXD12_motif2,-0.01648532341886886,-0.009064247566608081
ESRRA_motif3,-0.016537381507743955,-0.008792830576568178
FOXJ2_motif2,-0.016543295253203763,-0.009920099705886202
TLX1_motif1,-0.01658418066309493,-0.028930690255439342
ZBTB7A_motif1,-0.016746958739166394,0.011885247624744917
ZNF274_motif1,-0.016838402619771934,-0.01579658462432768
TAF1_motif1,-0.016868281463232455,0.02830316275492186
RXRB_motif1,-0.01692107244835435,-0.0012408300955805587
TBX1_motif3,-0.016951035835605786,0.010191567597442063
NKX2-8_motif1,-0.016951998807519793,0.014185511950007583
HINFP_motif2,-0.01696508106767469,-0.0027695418348652467
HINFP_motif5,-0.016965324612478027,-0.002769362334683468
ZNF589_motif1,-0.017023975344253768,0.0016065397598363498
MEF2B_motif1,-0.017069156267463075,0.013459251484025379
JUN_motif4,-0.017104179893009604,-0.015447301906268024
DDIT3_motif1,-0.017339284377323856,-0.01062756137396846
SREBF1_motif2,-0.017501774731455637,-0.01176840867624918
FOXM1_motif1,-0.01759680160604043,0.006207650435982312
RARB_motif1,-0.017717482416753506,-0.024793212940116254
PAX4_motif3,-0.01774725201961072,-0.009882796984320668
TBX5_motif1,-0.017846906836389294,-0.01774356304533343
E2F1_motif3,-0.01803909284557948,0.011906436715450332
PAX8_motif1,-0.01821086624651707,0.00496660769717926
MEF2A_motif3,-0.018267842750408204,-0.009873025910570415
TOPORS_motif1,-0.018415248385267872,-0.018061553964761178
HOXA7_motif1,-0.01848262448863374,-0.00630931058502212
OSR2_motif1,-0.019344749862781015,-0.009520128777339515
MEF2A_motif1,-0.019351255577792513,-0.005680007848287529
ZNF76_motif1,-0.019610070306120247,-0.0010900371258113907
PAX6_motif1,-0.019618857440118254,-0.0073127887150420436
RARG_motif3,-0.01970915102389537,-0.0077693949565338215
NR2C2_motif1,-0.020098436342687896,-0.020203313964732867
BRCA1_motif1,-0.02066314450549396,-0.005963166481334021
ELK4_motif1,-0.020707130771346324,0.013434510861286521
EOMES_motif2,-0.020877467742914612,0.00773054615745753
SP4_motif2,-0.020980133533113593,-0.014043015153017237
ELF4_motif1,-0.021124186596068652,-0.01850897926813268
TBX4_motif1,-0.021144040061968204,-0.014466046037315276
HOXC12_motif1,-0.021198283655724272,-0.01654172044425285
FOXC2_motif3,-0.02120400687709512,-0.002597298888838691
KLF13_motif1,-0.021435870699483012,-0.0005861066160517997
RFX1_motif2,-0.021483661293288343,0.016656302915097367
XBP1_motif3,-0.0220728025912929,-0.0013653125852485803
MXI1_motif2,-0.022074758529929357,0.01641654134961102
MYBL1_motif1,-0.022288509685660443,-0.008263497744739171
ZNF143_motif1,-0.022441458002486873,-0.01712326406950483
TBX2_motif2,-0.022450100603077075,-0.012636875996199082
ETV1_motif1,-0.02287765285834053,0.008249993927113437
E4F1_motif1,-0.023693820684187322,-0.004533227340599946
RFX7_motif1,-0.023709829618494594,-0.007210626662383509
GMEB2_motif2,-0.0238565124844307,-0.012110164979603214
MEF2A_motif5,-0.02412613119197064,-0.003530733394855164
HOXD13_motif2,-0.024462436753966397,-0.016470482040631007
TFAP2D_motif1,-0.024528088298485125,0.004454976448266884
KLF9_motif2,-0.024672779851472638,0.012686787092549152
ARNT_motif3,-0.025054278990737516,0.010218257943860465
THRB_motif3,-0.025561604537877793,0.0036297706894395276
PAX3_motif1,-0.025572502373127835,0.008413283341311995
ZFY_motif1,-0.025605670131032647,0.0009104858591245787
RFX4_motif1,-0.025695697877669173,-0.0007764360647854046
YY1_motif1,-0.026061411026376217,-0.014404704860880555
ZBED1_motif1,-0.026160873036852144,-0.002638903868478882
ZEB1_motif3,-0.026525637640495984,0.0021227297917170624
MEF2A_motif2,-0.026860053692575065,-0.005575339171056266
HINFP_motif1,-0.02745756930880028,-0.01726425676541471
PAX5_motif7,-0.027474807643092482,-0.0223343803672025
NR1I3_motif1,-0.027642058246681103,-0.02199410359037799
AHR_motif1,-0.02837745433254039,0.00482502700521473
RARA_motif1,-0.028997003764188435,-0.02286389373843559
E2F1_motif1,-0.030351397882567712,0.01821377653763549
BPTF_motif1,-0.0307119779862877,-0.01397953120207743
RARG_motif6,-0.030949773159783832,-0.014022825447760264
MEF2A_motif4,-0.03333503714814861,0.005120785149090821
ELK1_motif1,-0.03343705593076763,-0.00891345647151444
SREBF2_motif1,-0.03417270275447875,-0.015675119506429143
ETV3_motif1,-0.03553206064687108,-0.010776213566169516
SREBF1_motif1,-0.03577206231346333,-0.023345410118163126
NRF1_motif1,-0.035865519595585635,0.010728750347766663
NR2E1_motif2,-0.036404979771022784,-0.008263021047355525
E2F1_motif2,-0.03648822950602741,0.01106975690317106
PAX5_motif8,-0.03680106787976723,-0.0005499718377169409
PAX5_motif2,-0.03690541399054628,-0.018845529842069147
RARA_motif4,-0.037417440551472114,-0.013626944714807614
YY1_motif4,-0.037488971180330295,-0.017255062215519958
FUBP1_motif1,-0.03756834916019367,-0.014614345158832977
PAX5_motif3,-0.03778861267380823,-0.023274381678200385
CXXC1_motif1,-0.03841518066648605,0.015967840105396917
IKZF1_motif2,-0.03897915515872281,-0.012089627888820191
GABPA_motif1,-0.040588570619876405,-0.004962499223498826
OTX1_motif1,-0.04385876805918114,-0.008274269080144905
CRX_motif1,-0.04537709238438201,-0.00972774817507306
PITX2_motif1,-0.0454413516766678,-0.005134285054350238
ZNF384_motif2,-0.0458409014552818,-0.015838188075699776
GSC2_motif1,-0.04601134725991524,-0.008203645814619048
OTX2_motif1,-0.04635726528181008,-0.007487720006906066
PITX3_motif1,-0.046790585771033955,-0.008053993870185206
GSC_motif1,-0.047067465993476686,-0.007378401360043571
PITX1_motif1,-0.04707092275251143,-0.007897291719383602
DPRX_motif1,-0.04835501694613958,-0.009187532423890603
DMBX1_motif1,-0.04867133243544515,-0.00915959668161456
